id,test_top1,test_top2,macro_precision,macro_recall,macro_f1,final_train_acc,final_dev_acc,best_dev_acc,best_epoch,gap_at_best,final_gap,epochs_completed,early_stopped,train_wall_s,peak_rss_mb,mean_conf_correct,mean_conf_incorrect,ece_15bin,test_inference_us_per_img,n_params,corr_trainsupport_f1_pearson,corr_trainsupport_f1_spearman
e0_baseline,0.8845605700712589,0.9276326207442597,0.8494671477909277,0.8432147999923529,0.8406406261851825,0.9703510472642892,0.949234693877551,0.950765306122449,23,0.016325126014010816,0.02111635338673823,28,True,170.38,1140.8,0.9502827000554394,0.5582256026346676,0.021043167457322678,16.696889156966765,667179,0.4589778860028513,0.4862579281183932
e1_random,0.884006334125099,0.9273159144893112,0.8712990924018555,0.8378470034347182,0.8452178482307633,0.9779495018115942,0.9477040816326531,0.95,35,0.025270912208923635,0.030245420178941163,40,True,306.67,1140.2,0.9660212151931957,0.6278983708120167,0.042794772832275126,14.3626712185942,667179,0.38187744024969633,0.35608577469042585
e2_bgd,0.007046714172604909,0.01765637371338084,0.000574125147976071,0.020413436692506462,0.001044858808327799,0.008104508487063958,0.009948979591836734,0.01020408163265306,3,-0.003006371297987867,-0.0018444711047727758,8,True,24.76,3037.2,0.11597509710322543,0.126002619305254,0.11888524404983192,14.902369332332414,667179,-0.15002001456469116,-0.5176683781334944
e2_mgd,0.7027711797307997,0.8120348376880443,0.6041445152920428,0.5280654530186887,0.533878693093537,0.7453485664997558,0.7329081632653062,0.7329081632653062,40,0.012440403234449615,0.012440403234449615,40,False,140.54,1099.9,0.6178448681280067,0.24369304747624887,0.19613501585668844,14.906125887933461,667179,0.5472115886532678,0.6001208094231351
e3_dropout_0.6,0.8817102137767221,0.9290577988915281,0.8633663459022514,0.8389266037860575,0.8460368651241648,0.9473928436940238,0.9298469387755102,0.9329081632653061,26,0.00808049137156086,0.0175459049185136,31,True,212.55,1135.3,0.9332096747193322,0.471799075378089,0.010587825807930966,13.992980842258094,667179,0.3607402977010065,0.3545756569012383
e3_dropout_0.7,0.8923990498812352,0.9317498020585907,0.8707381608981458,0.8619019765951011,0.861714377203988,0.9627366903802312,0.9443877551020409,0.9497448979591837,28,0.010799814323017909,0.01834893527819037,33,True,231.53,1141.4,0.9518756342841621,0.5191189663511204,0.012988830870655109,13.898047585385429,667179,0.35433350356412985,0.32497734823316216
e3_dropout_0.9,0.8859065716547901,0.926682501979414,0.8760745213768766,0.8404879656537898,0.8528395740899081,0.9735779494382022,0.9420918367346939,0.9474489795918367,16,0.018756964574422885,0.03148611270350832,21,True,115.73,1135.9,0.9544902365671188,0.5801587062774063,0.026071339045455,13.796431812518943,667179,0.3941696234776171,0.3775294472968892
e3_l2_0.1,0.8670625494853523,0.9172604908946952,0.8463577726551825,0.8227792882229181,0.8287636438299966,0.9537105240392444,0.925765306122449,0.9336734693877551,13,0.012560730050447111,0.027945217916795384,18,True,98.7,1114.1,0.9246070940315401,0.5267028201269423,0.01697232402368269,13.641582437667786,667179,0.4011823779126111,0.3988221081244337
e3_l2_0.4,0.8517022961203484,0.9086302454473476,0.8415277739311356,0.8083212522881381,0.8155577072111786,0.9158597820998209,0.8951530612244898,0.9130102040816327,10,-0.0012583136118394789,0.020706720875331097,15,True,82.19,1133.5,0.8655438220501115,0.4428172886354545,0.049683674650380975,13.802868925383049,667179,0.36601397798681695,0.3574448807006947
e3_l2_0.7,0.8482185273159145,0.9089469517022961,0.8376531632565917,0.7866243593129335,0.7996228224812861,0.887569525016284,0.8737244897959183,0.8946428571428572,6,-0.009620886474399293,0.013845035220365731,11,True,60.56,1136.4,0.8270390640580534,0.3937332973225658,0.08697250472802107,13.65574031053605,667179,0.4243721148938815,0.3828148595590456
e3_l2_1.0,0.8394299287410927,0.9016627078384798,0.8264451968592228,0.7596782721641165,0.7768862280430664,0.8715358349617326,0.8556122448979592,0.8811224489795918,6,-0.01409270016018127,0.01592359006377342,11,True,60.59,1133.5,0.7935671931880673,0.3685526082992645,0.11413363394103622,14.122780220714336,667179,0.43498186386121757,0.4391422530957415
e3_none,0.869833729216152,0.9186064924782265,0.8579261465068185,0.8354092800526066,0.8412156784966267,0.9835258152173914,0.9426020408163265,0.9479591836734694,20,0.027203910692269018,0.04092377440106487,25,True,130.87,1137.4,0.9669075543422534,0.6578704660499498,0.05684761980919352,13.665122260956752,667179,0.3082026095149422,0.3335850196315313
e4_1024_512_256,0.8756136183689628,0.9241488519398258,0.86850274610928,0.8318894122392605,0.8420903526033631,0.9585190726266081,0.934438775510204,0.9369897959183674,12,0.011285945512181428,0.024080297116404026,17,True,234.63,1179.5,0.9446288198621744,0.5384222101519417,0.019328209251026542,36.9163703465405,1716779,0.3627638036842514,0.3787375415282392
e4_1024_512_256_128,0.8896278701504354,0.930720506730008,0.8702787043496196,0.8546748768495483,0.8569041136215682,0.96527184090539,0.9433673469387756,0.9466836734693878,29,0.015320555280001646,0.021904493966614424,34,True,658.8,1185.3,0.9591251460516913,0.5507952574108549,0.024429036410731284,34.920072517787666,1744171,0.3862640768324143,0.39429175475687106
e4_256,0.8752177355502772,0.9211401425178147,0.8655322164709921,0.8238130701452238,0.8370323481609907,0.9565128338218531,0.9260204081632653,0.9359693877551021,16,0.014401009472548187,0.030492425658587896,21,True,51.19,1089.0,0.9284960407256351,0.5145022694897285,0.010431059262471586,5.97945490434636,273451,0.3805867336029396,0.3814557535487768
e5_augmented,0.9093428345209817,0.9446555819477435,0.8779935216841253,0.8762527087843064,0.8731325041292214,0.9504484516616314,0.9635204081632653,0.9676020408163265,20,-0.020278589154695048,-0.013071956501633952,25,True,1536.01,3604.8,0.9629608429543458,0.5373830713837686,0.015402487966230926,14.510479411338872,667179,0.42029206625353116,0.3885533071579584
e6_decay10,0.8920823436262866,0.9333333333333333,0.8740513196702627,0.8506403681608433,0.8564645471485156,0.9794691291117082,0.9576530612244898,0.9607142857142857,29,0.014266567872263658,0.02181606788721846,34,True,239.07,1135.3,0.9620083377557843,0.5897197999655699,0.029779814124519556,14.007270855273127,667179,0.40359801919887783,0.3911205073995772
