class,name,train_support,test_support,precision,recall,f1
0,Speed limit 20,180,60,0.972972972972973,0.6,0.7422680412371134
1,Speed limit 30,2012,720,0.9012693935119888,0.8875,0.8943317004898531
2,Speed limit 50,2057,750,0.819047619047619,0.9173333333333333,0.8654088050314466
3,Speed limit 60,1269,450,0.9569620253164557,0.84,0.8946745562130176
4,Speed limit 70,1779,660,0.9247135842880524,0.8560606060606061,0.889063729346971
5,Speed limit 80,1674,630,0.7176470588235294,0.8714285714285714,0.7870967741935484
6,End speed limit 80,385,150,0.9578947368421052,0.6066666666666667,0.7428571428571428
7,Speed limit 100,1299,450,0.8865740740740741,0.8511111111111112,0.8684807256235827
8,Speed limit 120,1251,450,0.907035175879397,0.8022222222222222,0.8514150943396226
9,No passing,1318,480,0.9500998003992016,0.9916666666666667,0.9704383282364933
10,No passing >3.5t,1806,660,0.9660493827160493,0.9484848484848485,0.9571865443425077
11,Right-of-way at intersection,1196,420,0.8883928571428571,0.9476190476190476,0.9170506912442397
12,Priority road,1868,690,0.9788199697428139,0.9376811594202898,0.9578090303478904
13,Yield,1958,720,0.9662618083670715,0.9944444444444445,0.9801505817932923
14,Stop,702,270,0.9767441860465116,0.9333333333333333,0.9545454545454545
15,No vehicles,559,210,0.9353233830845771,0.8952380952380953,0.9148418491484184
16,No vehicles >3.5t,382,150,0.9798657718120806,0.9733333333333334,0.9765886287625419
17,No entry,998,360,0.9692737430167597,0.9638888888888889,0.9665738161559889
18,General caution,1063,390,0.9372693726937269,0.6512820512820513,0.7685325264750378
19,Dangerous curve left,187,60,0.6,0.7,0.6461538461538462
20,Dangerous curve right,325,90,0.7380952380952381,0.6888888888888889,0.7126436781609196
21,Double curve,296,90,0.4967741935483871,0.8555555555555555,0.6285714285714286
22,Bumpy road,345,120,0.8823529411764706,0.875,0.8786610878661087
23,Slippery road,460,150,0.8133333333333334,0.8133333333333334,0.8133333333333334
24,Road narrows on right,237,90,0.7816091954022989,0.7555555555555555,0.768361581920904
25,Road work,1345,480,0.9517241379310345,0.8625,0.9049180327868853
26,Traffic signals,532,180,0.6220095693779905,0.7222222222222222,0.6683804627249357
27,Pedestrians,219,60,0.5681818181818182,0.4166666666666667,0.48076923076923084
28,Children crossing,481,150,0.7633136094674556,0.86,0.8087774294670846
29,Bicycles crossing,245,90,0.7757009345794392,0.9222222222222223,0.8426395939086295
30,Beware of ice/snow,413,150,0.6597222222222222,0.6333333333333333,0.6462585034013605
31,Wild animals crossing,693,270,0.6646884272997032,0.8296296296296296,0.7380560131795716
32,End of all limits,214,60,0.8405797101449275,0.9666666666666667,0.8992248062015503
33,Turn right ahead,624,210,0.9118942731277533,0.9857142857142858,0.9473684210526316
34,Turn left ahead,380,120,0.8676470588235294,0.9833333333333333,0.9218749999999999
35,Ahead only,1090,390,0.9844559585492227,0.9743589743589743,0.979381443298969
36,Go straight or right,348,120,0.9827586206896551,0.95,0.9661016949152542
37,Go straight or left,187,60,0.9795918367346939,0.8,0.8807339449541285
38,Keep right,1877,690,0.9835820895522388,0.9550724637681159,0.9691176470588235
39,Keep left,273,90,0.9347826086956522,0.9555555555555556,0.945054945054945
40,Roundabout mandatory,330,90,0.9239130434782609,0.9444444444444444,0.934065934065934
41,End of no passing,221,60,0.5342465753424658,0.65,0.5864661654135339
42,End of no passing >3.5t,211,90,0.6739130434782609,0.6888888888888889,0.6813186813186812
