config,n_seeds,test_top1_mean,test_top1_sd,test_top2_mean,test_top2_sd,macro_f1_mean,macro_f1_sd,macro_precision_mean,macro_precision_sd,macro_recall_mean,macro_recall_sd,best_dev_acc_mean,best_dev_acc_sd,dev_minus_test_mean,dev_minus_test_sd,gap_at_best_mean,gap_at_best_sd,epochs_completed_mean,epochs_completed_sd,best_epoch_mean,best_epoch_sd,train_wall_s_mean,train_wall_s_sd,peak_rss_mb_mean,peak_rss_mb_sd,ece_15bin_mean,ece_15bin_sd,mean_conf_correct_mean,mean_conf_correct_sd,mean_conf_incorrect_mean,mean_conf_incorrect_sd,n_params_mean,n_params_sd
e0_baseline,3,0.8779625230931645,0.004937808379069681,0.9254684613354446,0.0031574808871390908,0.8391391539104466,0.007356427554021236,0.8602326208090644,0.004620951184617097,0.8299135413139457,0.008734982631624982,0.8937263794406651,0.005319542950842919,0.015763856347500733,0.004545520339749415,0.021543325006429043,0.009342958338213294,18.333333333333332,4.041451884327381,13.333333333333334,4.041451884327381,95.74333333333334,32.22836069882136,645.0,0.4358898943540621,0.015659602296996585,0.006173232764911521,0.942391057809194,0.00836849287201816,0.5401194294293722,0.014938861122878776,667179.0,0.0
e1_random,3,0.8779625230931644,0.011242328584178502,0.9246239113222486,0.008931172542963493,0.84447487686997,0.012185004452677079,0.8639066185318328,0.014006969671963644,0.8386464641694672,0.014096246096261797,0.8969009826152684,0.006639513607255548,0.018938459522103934,0.004606147260733529,0.03390755455241401,0.0019462940461026045,27.666666666666668,5.686240703077327,22.666666666666668,5.686240703077327,140.47,36.95992830079626,646.6333333333333,1.2096831541082447,0.03169177319686375,0.008108250729627405,0.9534346262613932,0.007611543371906117,0.5945548415184021,0.036190730087858745,667179.0,0.0
e2_bgd,3,0.056558458696225916,0.016215996849307905,0.09992082343626287,0.020925992826748653,0.01584720229518778,0.004284910595393891,0.017770769816637475,0.0009611088578559028,0.02860481980165162,0.006962639357506733,0.04897959183673469,0.012752960263618019,-0.007578866859491225,0.005220541209353553,-0.01017579479275833,0.0067583903233820845,40.0,0.0,40.0,0.0,67.15666666666667,16.87937301363215,1556.1000000000001,0.608276253029792,0.01723924763613757,0.005988720000938545,0.06901177639762561,0.0073744180862857596,0.06784832725922267,0.0060068808854574236,667179.0,0.0
e2_mgd,3,0.7031670625494854,0.005197385093357475,0.8038532594352072,0.007774369868672205,0.5203498018522498,0.030360121196058316,0.5848494280693458,0.019539966705221932,0.5186502847631091,0.021085630002622924,0.6893424036281179,0.033932632264177726,-0.013824658921367416,0.028812310443416762,-0.04758463597995507,0.03578798857597535,40.0,0.0,40.0,0.0,71.04,13.043323962855483,646.1,2.0808652046684952,0.1953088003399741,0.009918582790489757,0.6189948320388794,0.00920142155261516,0.24467847247918448,0.0011497904796214924,667179.0,0.0
e2_mgd_lr0.05,3,0.8786751121667987,0.013567022217519396,0.9214568487727632,0.00990087021278996,0.8437605895601004,0.013718695293968887,0.8661944663150761,0.010414090614098507,0.8333666618305985,0.016061632232134162,0.8939531368102797,0.01735002615558178,0.015278024643481047,0.009609402857289515,0.024766967715201593,0.016759654071519046,24.666666666666668,13.428824718989125,21.333333333333332,16.289055630494158,44.54333333333333,28.10943673098651,646.1,1.652271164185814,0.02009131436762943,0.004211792730495835,0.9248085419336954,0.0236371065338245,0.494515597820282,0.04659481237610009,667179.0,0.0
e3_dropout_0.6,3,0.8619952494061757,0.014252441262109337,0.9154130377408287,0.007810973007585733,0.8111960710424605,0.03504004611829391,0.8416975335321926,0.02111974512586917,0.8031593398082276,0.03558395947362971,0.8857142857142857,0.010138362315695313,0.02371903630811001,0.004245960162004628,-0.041241394854676115,0.027075316622359402,20.0,8.18535277187245,15.0,8.18535277187245,106.24333333333334,49.290000338134845,645.5333333333334,1.5275252316519468,0.017586090084874235,0.01564076749118083,0.912927488485972,0.02659058656480017,0.4551093975702922,0.03365959246719851,667179.0,0.0
e3_dropout_0.7,3,0.8764317761942465,0.00970238713786341,0.9256532066508313,0.008006234527377936,0.841105361780949,0.007089758397835601,0.8632719434652841,0.0048867320559634695,0.8326636509329464,0.012963790454396428,0.8977324263038549,0.01141020011374979,0.021300650109608393,0.006035212210054728,-4.6712097001022634e-05,0.008841278512149966,24.0,7.937253933193772,19.0,7.937253933193772,130.24666666666664,46.16739361641865,645.6,0.6244997998398089,0.014330742888665801,0.005096521314672495,0.9349404573440552,0.011255058202059548,0.5006857216358185,0.03301182788497805,667179.0,0.0
e3_dropout_0.9,3,0.8622591712852996,0.0189283881171532,0.91565056743204,0.00972755326770842,0.8240913199488018,0.016714160352118892,0.8531652928219016,0.010802432062545275,0.8175274355430237,0.020553350549962792,0.8836734693877552,0.014936754245237622,0.021414298102455542,0.011629909937787727,0.034836780292071746,0.01664183846749627,15.0,7.810249675906654,10.0,7.810249675906654,71.91333333333334,40.78742739292751,645.6333333333333,1.7009801096230333,0.02366716932435561,0.01351076327699806,0.9351630806922913,0.022575656950235456,0.5524545113245646,0.05946513477499913,667179.0,0.0
e3_l2_1,3,0.8491686460807601,0.0062036239809814585,0.906914753233043,0.003506487976826089,0.8064031423515718,0.009890460778988084,0.8441551604767459,0.00965504881331494,0.7943137524510964,0.01327450106888767,0.8685563114134544,0.002993998839053387,0.019387665332694204,0.005164915559134895,0.045297196276220676,0.007169558222718492,10.666666666666666,1.1547005383792517,5.666666666666667,1.1547005383792517,62.52,1.2046576277100507,647.5333333333334,0.6658328118478943,0.0163078457940007,0.004171841608168624,0.9158811966578165,0.010344899691048853,0.5446292757987976,0.025466352048350502,667179.0,0.0
e3_l2_10,3,0.8533650039588282,0.02004465387809592,0.9109263657957244,0.008849729971447621,0.8129065864296384,0.02280264096707342,0.8433573966343652,0.013421832233747053,0.8064857731085402,0.02711336670315489,0.8711262282690854,0.011523053046151926,0.01776122431025721,0.013773560851937514,0.062217990260105584,0.007135437698827573,17.333333333333332,8.386497083606082,11.666666666666666,7.234178138070235,357.53000000000003,373.142124665656,647.1999999999999,1.2124355652982273,0.029917892278829575,0.010960408466346175,0.9323806961377462,0.01657882802681305,0.5774575074513754,0.041289226372914725,667179.0,0.0
e3_l2_3,3,0.8584059118500923,0.016403376446812796,0.914515703351808,0.00837040212363367,0.8227734723834818,0.02310069151306707,0.8469641886367517,0.021572816077531472,0.816710100616656,0.020964585139673225,0.8710506424792138,0.005620351154957284,0.012644730629121526,0.011773676174043374,0.06985197314192197,0.009495685487475447,16.666666666666668,4.041451884327381,11.666666666666666,4.041451884327381,192.72333333333333,125.26742047848407,649.8000000000001,1.1532562594671052,0.029169921470694412,0.0029755343526612354,0.9366052945454916,0.01065972160189344,0.590021034081777,0.019352567993769405,667179.0,0.0
e3_l2_30,3,0.8599366587490103,0.0135046532909939,0.9132224861441013,0.008981568273942876,0.8218202062816419,0.009641652921567356,0.8527723743498085,0.010261427980460933,0.8144137656523905,0.00803007079311595,0.8778533635676493,0.01042673026968513,0.017916704818638978,0.003168989454682463,0.05299786909884071,0.0057338913463146745,18.333333333333332,6.506407098647712,13.333333333333334,6.506407098647712,502.3233333333333,345.8000590418303,648.9,0.7810249675906465,0.018485364407953758,0.0037462321369749886,0.9219102660814921,0.01368230108152854,0.5272544622421265,0.023197323104151044,667179.0,0.0
e3_none,3,0.8541567695961995,0.006967537608867758,0.9115069939297967,0.005077393286627952,0.8108818569427333,0.008766941929072932,0.8393726743294391,0.011197794531495376,0.8069646721133914,0.01458362602633768,0.872260015117158,0.014205101955903092,0.018103245520958433,0.008927369590975152,0.061849444756318483,0.020635431005364222,14.666666666666666,4.041451884327381,9.666666666666666,4.041451884327381,65.63666666666667,18.769769133724935,644.6999999999999,1.7088007490634955,0.031354358711192194,0.017515789884940496,0.9335432052612305,0.021690539624952463,0.5921974778175354,0.04226093012759936,667179.0,0.0
e4_1024_512_256,3,0.8781736605964635,0.0038629184390009154,0.9264977566640274,0.0005561179072500864,0.8385200850397835,0.006496886715458012,0.8629294529486838,0.012558200872727321,0.8327040051037357,0.004745430382999784,0.8969765684051398,0.006482776006769907,0.0188029078086764,0.004457330909253756,0.02235119225993698,0.005238272556765867,22.0,4.58257569495584,17.0,4.58257569495584,317.6933333333333,72.80589559461058,661.5333333333333,15.134838397992036,0.028108624105805547,0.006491489372980349,0.9528728127479553,0.008783270681887634,0.5659175515174866,0.01842957671331092,1716779.0,0.0
e4_1024_512_256_128,3,0.8614410134600158,0.017107085586727667,0.9163367643177619,0.010789628684829305,0.8188672132540608,0.031152903932338258,0.8444347234453747,0.02028952923625557,0.8111972922906525,0.03251153584206003,0.8798941798941801,0.014298905714098342,0.018453166434164097,0.005827101752505991,-0.013535748852844512,0.03245353613449591,15.333333333333334,6.027713773341708,10.333333333333334,6.027713773341708,222.51000000000002,97.8004432505293,652.6999999999999,2.2113344387495637,0.013619833398982982,0.004177951505195651,0.9289615352948507,0.019024335496209605,0.48236600557963055,0.025861595912913937,1744171.0,0.0
e4_256,3,0.8695698073370283,0.006326863084379235,0.9193190815518607,0.002813833039416766,0.8330666716989225,0.00955513751169113,0.8673556694228283,0.004827608959764473,0.8183423217391029,0.012673846438767261,0.8848828420256991,0.005918903084036798,0.015313034688670882,0.005146980576119467,0.03564384274730914,0.004640198449464185,20.666666666666668,0.5773502691896258,15.666666666666666,0.5773502691896257,43.326666666666675,1.0943643512712475,618.9666666666667,1.2096831541082447,0.015500480525036322,0.004701395634089792,0.929055372873942,0.010678174447176845,0.5462438066800436,0.01731869845000047,273451.0,0.0
e5_augmented,3,0.9087622063869095,0.0011262384952943974,0.9476642913697546,0.0020294545713343166,0.8742922397744272,0.0033566361688514017,0.8839916204419174,0.0067845354218238185,0.8716426132662228,0.003867190167155917,0.930007558578987,0.002143227041384377,0.021245352192077682,0.0011303158839089838,-0.02660525214359244,0.004193797679274066,26.333333333333332,2.081665999466133,21.333333333333332,2.081665999466133,419.50666666666666,36.50639167780533,3499.4666666666667,0.2309401076759028,0.019083742630823086,0.004673883479623834,0.9633220831553141,0.004121568088716708,0.5722884933153788,0.018652024074346112,667179.0,0.0
e6_decay10,3,0.8967801530746898,0.006725970254190784,0.9343626286619161,0.003565583610197225,0.8664961306357447,0.009174739681392766,0.8796642226710348,0.009903268436131872,0.8592867482758786,0.008410173394286935,0.9116402116402117,0.006581174467434684,0.01486005856552175,0.005190263800615358,0.04607753022849522,0.013304210284973418,29.333333333333332,10.503967504392488,26.0,13.114877048604,155.90333333333334,55.82511650980527,646.1,0.17320508075692712,0.026139853166956523,0.013206346622700245,0.9601275126139323,0.012767617629653396,0.5970140894254049,0.05114142319270953,667179.0,0.0
