class,name,train_support_mean,test_support,precision_mean,recall_mean,f1_mean,f1_sd
0,Speed limit 20,180.0,60,0.9442374051069704,0.6722222222222222,0.7847034159575781,0.05755336047953128
1,Speed limit 30,1980.0,720,0.8543372421832195,0.8939814814814815,0.873630934164638,0.01185200050587213
2,Speed limit 50,2010.0,750,0.7999573918055995,0.9066666666666666,0.8495164089321215,0.015621501453777564
3,Speed limit 60,1260.0,450,0.8902660202300924,0.8666666666666667,0.877614356332567,0.011756305871563587
4,Speed limit 70,1770.0,660,0.8885714222963852,0.852020202020202,0.8694689394468499,0.01857846424506939
5,Speed limit 80,1650.0,630,0.7802988974645847,0.780952380952381,0.7745169713169725,0.01668685189441411
6,End speed limit 80,360.0,150,0.8689241220581625,0.6533333333333333,0.7442671407255963,0.02924715994006342
7,Speed limit 100,1290.0,450,0.8826103943000311,0.7977777777777778,0.8366965774680368,0.026824889095429613
8,Speed limit 120,1260.0,450,0.8380636616764301,0.8103703703703703,0.8159576261590171,0.046202512948190375
9,No passing,1320.0,480,0.9604788884186467,0.986111111111111,0.9730238751562134,0.010913367379010235
10,No passing >3.5t,1800.0,660,0.9482431143384741,0.9494949494949495,0.9483889907829613,0.017925656242532024
11,Right-of-way at intersection,1170.0,420,0.9287466159675825,0.9333333333333335,0.9306846548168332,0.004055821790755059
12,Priority road,1890.0,690,0.9220689159705643,0.9458937198067633,0.9336961338532679,0.005331994106788667
13,Yield,1920.0,720,0.9475043609740078,0.9935185185185186,0.9699522261531975,0.0029182719848536132
14,Stop,690.0,270,0.9604441229252992,0.9703703703703704,0.965176596234774,0.0138707614662413
15,No vehicles,540.0,210,0.9053296693658429,0.8301587301587302,0.8659763371233397,0.00887113536987107
16,No vehicles >3.5t,360.0,150,0.961333957320346,0.9755555555555556,0.9681632386715534,0.011075466729121271
17,No entry,990.0,360,0.9829721435522,0.950925925925926,0.9665913539520782,0.006372868221533326
18,General caution,1080.0,390,0.8103824745799826,0.7837606837606838,0.7952261178538729,0.046119931517102836
19,Dangerous curve left,180.0,60,0.8400187661271405,0.5611111111111111,0.6424869123516301,0.12341139314046347
20,Dangerous curve right,300.0,90,0.6937500000000001,0.6666666666666666,0.6725905673274094,0.022712852413878448
21,Double curve,270.0,90,0.5487468671679198,0.6888888888888888,0.6076187814906819,0.017244505504993776
22,Bumpy road,330.0,120,0.8808442851453604,0.811111111111111,0.8428547772810068,0.03056689389920225
23,Slippery road,450.0,150,0.8106814276961664,0.7999999999999999,0.7905975858990262,0.023004808551448742
24,Road narrows on right,240.0,90,0.8254889244049135,0.737037037037037,0.7786731039485018,0.02493903418351866
25,Road work,1350.0,480,0.9309502900350424,0.8930555555555556,0.911054142309978,0.015493291708429826
26,Traffic signals,540.0,180,0.6849318970492436,0.7129629629629629,0.6948155791726327,0.03598597549180915
27,Pedestrians,210.0,60,0.5653299916457811,0.45,0.49687740539640934,0.02622365916864783
28,Children crossing,480.0,150,0.8350080194679498,0.7755555555555556,0.8025774225774226,0.013140223520320177
29,Bicycles crossing,240.0,90,0.8701583036558406,0.8407407407407407,0.8531478934185962,0.015968894641436124
30,Beware of ice/snow,390.0,150,0.6574540586588778,0.5844444444444444,0.6144967669610816,0.022666311824060204
31,Wild animals crossing,690.0,270,0.7190809951352289,0.8111111111111112,0.7602356532773653,0.03781784992462401
32,End of all limits,210.0,60,0.8528573822691469,0.7777777777777778,0.8075396825396824,0.059622933338558344
33,Turn right ahead,599.0,210,0.9770947656763892,0.9222222222222222,0.9474467529637646,0.037285847433928106
34,Turn left ahead,360.0,120,0.9474161709194968,0.9833333333333333,0.9648155092236849,0.01847170118525176
35,Ahead only,1080.0,390,0.9781511101317845,0.9777777777777779,0.9777782679227057,0.00292456914088004
36,Go straight or right,330.0,120,0.9514732579248708,0.8944444444444444,0.920944008869882,0.013896852018188908
37,Go straight or left,180.0,60,0.9397008881922675,0.9222222222222222,0.9299561810128288,0.012862142857121705
38,Keep right,1860.0,690,0.9724654127257791,0.9560386473429952,0.9641665969077655,0.007812536504911767
39,Keep left,270.0,90,0.8887890788499307,0.9555555555555556,0.9166950504149435,0.08123075435937029
40,Roundabout mandatory,300.0,90,0.8989294223212352,0.8629629629629628,0.8762860709595016,0.01360252942331025
41,End of no passing,210.0,60,0.8326672335600908,0.6333333333333333,0.7076142356956078,0.03050373890236603
42,End of no passing >3.5t,210.0,90,0.8132433254948896,0.9148148148148149,0.858462775125632,0.0496114848509422
