config,macro_f1_diff_vs_e0,welch_p,mcnemar_p_per_seed,seeds_p<0.05
e1_random,0.005335722959523448,0.558680262608549,0.0036;2e-10;0.00019,3
e2_bgd,-0.8232919516152588,1.8900117382185424e-07,0;0;0,3
e2_mgd,-0.3187893520581968,0.001908860486362631,0;0;0,3
e2_mgd_lr0.05,0.004621435649653782,0.6419154093532266,0.012;2.8e-14;1.2e-09,3
e3_dropout_0.6,-0.02794308286798608,0.299792805184588,1.1e-05;3.8e-41;0.13,2
e3_dropout_0.7,0.00196620787050239,0.7556452529909347,0.067;0.039;1.1e-07,2
e3_dropout_0.9,-0.015047833961644774,0.25665573222159427,3.2e-08;1.2e-53;0.22,2
e3_l2_1,-0.032736011558874734,0.012083757617833753,5.4e-12;1.6e-54;9e-34,3
e3_l2_10,-0.026232567480808155,0.17619659857750875,2.4e-12;4.4e-05;2.5e-72,3
e3_l2_3,-0.016365681526964826,0.34521911784843706,4.2e-18;0.051;1e-36,2
e3_l2_30,-0.017318947628804704,0.07307476029368724,1e-25;4.1e-19;0.0029,3
e3_none,-0.028257296967713286,0.013731540204678037,1.2e-11;8.8e-46;1.9e-14,3
e4_1024_512_256,-0.0006190688706630976,0.9183410692180815,0.59;0.6;0.83,0
e4_1024_512_256_128,-0.020271940656385823,0.3772077043125958,0.38;3.3e-05;1.8e-46,2
e4_256,-0.006072482211524122,0.4353161671645759,0.00072;5.2e-10;0.17,2
e5_augmented,0.03515308586398058,0.006152186360199814,2.2e-44;1.7e-25;4.9e-34,3
e6_decay10,0.027356976725298132,0.017250983490901553,3.4e-44;2.6e-05;3.1e-26,3
